test_case,MIP,Time,DP,Time,Greedy,Time,MetaH,Time
test_0,239541.11,0.10671448707580566,239541.11,0.005984306335449219,239204.18,0.0,239541.11,0.027925729751586914
